CPU-etcd-minikube,CPU-kalic,Memory_Cache-etcd-minikube,Memory_Cache-kalic,Memory-etcd-minikube,Memory-kalic,write-etcd-minikube,write-kalic
0.211,294.52,23.1,2088.96,72.5,203,8.0,6.11
0.208,294.93,23.2,2211.84,72.5,207,8.08,6.1
0.204,295.3,23.2,2314.24,72.5,210,8.02,6.09
0.202,295.66,23.2,2447.36,72.5,215,8.01,6.11
0.19,296.07,23.2,1873.92,72.5,194,7.61,6.11
0.198,296.51,23.3,1679.36,72.5,188,7.94,6.2
0.196,296.65,23.3,1740.8,72.5,202,7.82,6.1
0.197,296.62,23.3,1873.92,72.5,192,7.9,6.13
0.195,296.69,23.3,1976.32,72.5,198,7.94,6.15
0.188,279.54,23.4,2048.0,72.5,199,7.67,5.78
0.195,296.8,23.4,2232.32,72.5,204,8.0,6.13
0.196,286.09,23.4,2293.76,72.5,207,7.93,5.95
0.192,296.97,23.4,2457.6,72.5,210,7.7,6.2
0.199,297.03,23.5,2570.24,72.5,225,7.95,6.21
0.198,297.11,23.5,1638.4,72.5,188,7.92,6.18
0.199,297.14,23.5,1792.0,72.5,198,7.96,6.11
0.198,297.22,23.6,1904.64,72.5,215,7.89,6.07
0.198,297.22,23.6,2007.04,72.5,196,7.96,6.05
0.199,297.22,23.6,2129.92,72.5,201,7.96,6.01
0.199,297.25,23.6,2232.32,72.5,205,7.97,6.02
0.199,297.17,23.7,2355.2,72.5,206,7.96,5.97
0.199,297.14,23.7,2426.88,72.5,203,8.02,5.9
0.194,297.1,23.7,1628.16,72.5,190,7.97,5.95
0.195,297.08,23.7,1699.84,72.5,190,7.94,6.0
0.196,297.11,23.8,1761.28,72.5,188,8.08,5.97
0.194,297.13,23.8,1884.16,72.5,201,7.91,6.02
0.177,284.51,23.8,1996.8,72.5,199,7.15,5.77
0.194,297.23,23.8,2109.44,72.5,207,8.0,6.06
0.186,283.74,23.9,2252.8,72.5,204,7.68,5.76
0.194,286.52,23.9,2314.24,72.5,210,7.99,5.81
0.195,297.29,23.9,2467.84,72.5,216,8.03,6.05
0.195,297.3,23.9,2570.24,72.5,219,8.06,6.04
0.195,297.27,24.0,1710.08,72.5,191,8.12,6.13
0.196,297.24,24.0,1832.96,72.5,205,8.1,6.15
0.196,297.27,24.0,1894.4,72.5,196,8.16,6.16
0.195,297.29,24.0,2037.76,72.5,201,8.15,6.09
0.195,297.28,24.1,2160.64,72.5,203,7.98,6.08
0.195,297.2,24.1,2263.04,72.5,210,7.98,6.1
0.195,297.2,24.1,2334.72,72.5,208,8.07,6.11
0.188,297.19,24.1,2467.84,72.5,209,7.72,6.07
0.195,297.2,24.2,1587.2,72.5,185,8.03,6.09
0.196,297.18,24.2,1699.84,72.5,192,8.04,6.17
0.197,296.74,24.2,1812.48,72.5,196,7.99,6.09
0.193,296.23,24.3,1955.84,72.5,193,7.7,6.1
0.203,295.88,24.3,2007.04,72.5,189,7.98,6.13
0.203,295.38,24.3,2129.92,72.5,201,7.97,6.14
0.197,294.91,24.3,2283.52,72.5,210,7.55,6.2
0.208,294.44,24.4,2396.16,72.5,211,7.95,6.25
0.212,294.11,24.4,2467.84,72.5,219,8.01,6.28
0.214,279.74,24.4,1597.44,72.5,184,7.98,6.07
0.21,279.17,24.4,1730.56,72.8,196,7.77,6.09
0.215,293.28,24.5,1843.2,72.5,203,8.07,6.38
0.214,293.58,24.5,1955.84,72.5,204,8.13,6.4
0.213,293.93,24.5,2017.28,72.5,199,8.08,6.38
0.193,294.23,24.5,2160.64,72.5,204,7.42,6.33
0.202,294.44,24.6,2232.32,72.5,203,7.83,6.34
0.209,294.9,24.6,2355.2,72.5,222,8.03,6.36
0.206,295.35,24.6,2467.84,72.5,211,8.09,6.34
0.203,295.7,24.6,1597.44,72.5,194,7.99,6.31
0.201,296.05,24.7,1699.84,72.5,187,8.06,6.27
0.201,296.1,24.7,1812.48,72.5,193,7.99,6.13
0.201,296.1,24.7,1925.12,72.5,196,7.99,6.04
0.2,296.14,24.8,2037.76,72.5,196,7.95,6.06
0.198,296.25,24.8,2181.12,72.5,203,7.89,6.08
0.197,296.35,24.8,2283.52,72.5,212,7.9,6.06
0.197,286.24,24.8,2344.96,72.5,200,7.92,5.8
0.197,296.48,24.9,2488.32,72.5,211,7.94,5.98
0.198,296.47,24.9,1638.4,72.6,187,7.98,6.04
0.198,296.52,24.9,1710.08,72.6,190,7.99,6.04
0.197,296.64,24.9,1832.96,72.6,193,8.0,6.02
0.197,296.88,25.0,1945.6,72.6,200,7.96,6.0
0.197,285.21,25.0,2017.28,72.6,197,8.01,5.8
0.196,297.11,25.0,2181.12,72.6,203,7.94,6.03
0.191,285.85,25.0,2232.32,72.6,205,7.68,5.8
0.198,297.18,25.1,2416.64,72.6,209,7.92,6.02
0.197,297.18,25.1,2467.84,72.6,214,7.91,5.99
0.196,297.16,25.1,1648.64,72.6,188,7.87,6.1
0.197,286.26,25.1,1689.6,72.6,192,7.9,5.75
0.197,297.25,25.2,1832.96,72.6,193,7.92,6.0
0.198,284.45,25.2,1945.6,72.6,193,7.92,5.77
0.198,297.31,25.2,2088.96,72.6,204,7.96,6.02
0.198,297.26,25.2,2140.16,72.6,201,7.92,5.99
0.197,297.16,25.3,2283.52,72.6,206,7.96,6.01
0.198,297.08,25.3,2385.92,72.6,215,8.04,6.04
0.199,297.02,25.3,2529.28,72.6,218,8.03,6.04
0.19,297.02,25.3,1648.64,72.6,197,7.72,6.12
0.198,297.09,25.4,1751.04,72.6,191,7.95,6.08
0.197,297.0,25.4,1873.92,72.6,190,7.96,6.07
0.199,296.94,25.4,1945.6,72.6,198,8.05,6.06
0.193,296.88,25.4,2068.48,72.6,199,7.78,6.04
0.198,296.78,25.5,2201.6,72.6,203,8.0,6.07
0.198,296.83,25.5,2263.04,72.6,208,7.99,6.03
0.198,296.85,25.5,2396.16,72.6,212,7.91,6.06
0.192,296.84,25.5,2529.28,72.6,212,7.74,6.05
0.2,296.83,25.6,1638.4,72.6,185,7.98,6.1
0.199,296.76,25.6,1771.52,72.6,202,8.03,6.04
0.198,296.72,25.6,1843.2,72.6,191,7.97,6.0
0.198,286.89,25.7,1945.6,72.6,199,8.03,5.83
0.198,296.71,25.7,2068.48,72.6,201,7.92,6.0
0.198,296.75,25.7,2191.36,72.6,208,7.93,5.98
0.198,296.69,25.7,2304.0,72.6,208,7.93,6.02
0.197,296.68,25.8,2437.12,72.6,216,7.92,6.06
0.198,296.66,25.8,2549.76,72.6,213,7.94,6.02
0.198,296.63,25.8,1628.16,72.8,186,7.97,6.09
0.19,296.58,25.8,1740.8,72.6,188,7.65,6.01
0.197,285.99,25.9,1853.44,72.6,197,7.96,5.83
0.199,296.6,25.9,1976.32,72.6,192,7.88,6.05
0.198,296.63,25.9,2078.72,72.6,203,7.92,6.05
0.198,296.66,26.0,2170.88,72.6,206,7.97,6.04
0.193,282.78,26.0,2324.48,72.6,207,7.74,5.76
0.2,296.7,26.0,2416.64,72.6,213,8.12,6.02
0.198,296.79,26.0,2549.76,72.6,210,8.1,5.99
0.186,273.95,26.0,1607.68,72.6,188,7.61,5.52
0.198,296.81,26.1,1761.28,72.6,203,8.06,6.05
0.197,296.89,26.1,1863.68,72.6,194,8.13,6.03
0.197,296.93,26.1,1976.32,72.6,200,8.01,6.04
0.196,296.92,26.2,2109.44,72.6,202,7.96,6.02
0.197,296.95,26.2,2232.32,72.6,202,7.95,5.96
0.197,296.93,26.2,2324.48,72.6,209,8.0,5.99
0.198,296.95,26.2,2447.36,72.6,210,8.03,5.97
0.191,296.95,26.3,2560.0,72.6,214,7.66,6.0
0.2,296.94,26.3,1617.92,72.6,194,7.92,6.04
0.191,296.91,26.3,1771.52,72.6,188,7.57,6.15
0.2,285.32,26.3,1904.64,72.6,199,7.92,6.01
0.2,296.78,26.4,1976.32,72.6,193,7.96,6.26
0.192,296.66,26.4,2078.72,72.6,204,7.69,6.33
0.201,296.64,26.4,2242.56,72.6,203,8.07,6.34
0.193,296.55,26.4,2304.0,72.6,209,7.63,6.35
0.191,296.53,26.5,2467.84,72.6,212,7.67,6.32
0.2,296.51,26.5,2539.52,72.6,211,8.0,6.33
0.2,296.47,26.5,1669.12,72.6,186,8.1,6.41
0.2,296.53,26.6,1792.0,72.6,195,8.12,6.45
0.201,285.85,26.6,1853.44,72.6,195,8.13,6.13
0.201,296.53,26.6,1966.08,72.6,197,8.11,6.3
0.192,296.53,26.6,2099.2,72.6,209,7.72,6.31
0.202,282.89,26.6,2170.88,72.6,203,8.06,6.04
0.202,296.6,26.7,2314.24,72.6,209,8.03,6.33
0.202,296.58,26.7,2437.12,72.6,213,8.0,6.33
0.195,286.62,26.7,2549.76,72.6,213,7.76,6.15
0.202,296.62,26.8,1669.12,72.6,186,8.02,6.5
0.194,296.6,26.8,1771.52,72.6,188,7.73,6.44
0.201,296.63,26.8,1904.64,72.6,199,8.03,6.38
0.2,296.62,26.8,1996.8,72.6,204,8.0,6.38
0.2,296.63,26.9,2099.2,72.6,216,8.03,6.36
0.2,296.72,26.9,2222.08,72.6,201,8.03,6.33
0.199,296.67,26.9,2334.72,72.6,209,7.98,6.32
0.198,296.67,26.9,2447.36,72.6,212,7.96,6.29
0.198,296.64,27.0,1576.96,72.6,187,8.0,6.28
0.199,282.69,27.0,1628.16,72.6,193,7.98,6.02
0.191,296.59,27.0,1781.76,72.6,189,7.73,6.32
0.2,296.67,27.1,1904.64,72.6,192,8.08,6.34
0.2,284.79,27.1,2027.52,72.6,197,8.04,6.1
0.201,296.64,27.1,2150.4,72.6,201,7.97,6.38
0.192,285.58,27.1,2201.6,72.6,207,7.62,6.18
0.201,296.57,27.1,2344.96,72.6,216,7.96,6.51
0.202,279.09,27.2,2396.16,72.6,209,7.97,6.18
0.202,280.95,27.2,2519.04,72.6,214,7.84,6.32
0.201,296.51,27.2,1689.6,72.6,190,7.89,6.74
0.202,296.5,27.3,1822.72,72.6,182,7.9,6.76
0.199,296.48,27.3,1945.6,72.6,196,7.94,6.74
0.199,296.5,27.3,2048.0,72.6,208,7.94,6.74
0.199,296.55,27.3,2140.16,72.6,206,8.05,6.75
0.189,296.61,27.4,2273.28,72.6,214,7.67,6.78
0.198,286.17,27.4,2324.48,72.6,208,8.04,6.52
0.191,296.68,27.4,2437.12,72.6,208,7.84,6.76
0.197,296.71,27.4,1576.96,72.6,186,8.17,6.72
0.197,296.75,27.5,1720.32,72.6,188,8.04,6.76
0.198,296.82,27.5,1822.72,72.6,193,8.03,6.6
0.196,296.88,27.5,1935.36,72.6,197,7.97,6.48
0.197,296.87,27.5,2058.24,72.7,196,7.91,6.38
0.197,296.91,27.6,2150.4,72.6,215,7.97,6.26
0.196,296.88,27.6,2252.8,72.6,207,7.99,6.23
0.196,296.97,27.6,2365.44,72.7,206,8.02,6.18
0.196,296.95,27.7,2457.6,72.7,208,7.97,6.09
0.196,296.98,27.7,2570.24,72.7,224,7.95,6.1
0.195,296.99,27.7,1730.56,72.7,189,7.98,6.11
0.195,296.98,27.7,1792.0,72.7,191,7.99,6.1
0.196,296.92,27.7,1955.84,72.7,198,8.07,6.1
0.196,296.94,27.8,2068.48,72.7,197,8.15,6.04
0.196,296.94,27.8,2170.88,72.7,203,8.12,6.06
0.196,272.46,27.8,2232.32,72.7,203,8.07,5.61
0.188,296.94,27.9,2344.96,72.7,210,7.69,6.1
0.197,296.98,27.9,2488.32,72.7,213,8.09,6.12
0.196,297.05,27.9,1597.44,72.7,191,8.03,6.13
0.189,296.96,27.9,1730.56,72.7,193,7.7,6.15
0.198,297.01,28.0,1792.0,72.7,193,8.03,6.09
0.188,297.03,28.0,1925.12,72.7,199,7.57,6.06
0.197,297.03,28.0,2078.72,72.7,201,7.98,6.07
0.198,297.0,28.0,2181.12,72.7,202,7.96,6.07
0.197,296.95,28.1,2293.76,72.7,204,7.99,6.02
0.19,296.94,28.1,2416.64,72.7,215,7.73,6.02
0.189,296.91,28.1,2488.32,72.7,213,7.65,5.97
0.197,282.64,28.1,1617.92,72.7,179,7.94,5.73
0.197,296.86,28.2,1740.8,72.7,190,7.94,6.03
0.197,296.96,28.2,1812.48,72.7,195,7.97,5.99
0.195,296.99,28.2,1966.08,72.7,196,8.03,6.01
0.195,297.01,28.3,2068.48,72.7,189,7.99,6.03
0.195,297.0,28.3,2181.12,72.7,202,7.95,6.07
0.195,297.09,28.3,2293.76,72.7,207,7.91,6.11
0.196,297.12,28.3,2365.44,72.7,209,7.89,6.17
0.195,287.06,28.4,2488.32,72.7,250,7.94,5.98
0.188,297.06,28.4,1597.44,72.7,196,7.77,6.19
0.196,297.02,28.4,1751.04,72.7,190,8.04,6.16
0.195,296.99,28.4,1822.72,72.7,201,8.05,6.17
0.196,296.96,28.5,1945.6,72.7,196,8.02,6.12
0.196,296.9,28.5,2068.48,72.7,197,7.98,6.12
0.196,296.87,28.5,2160.64,72.7,209,8.01,6.12
0.188,296.86,28.5,2314.24,72.7,209,7.68,6.06
0.197,296.78,28.6,2426.88,72.7,208,8.02,6.05
0.198,296.77,28.6,2508.8,72.7,218,8.05,6.04
0.199,296.76,28.6,1638.4,72.7,186,8.01,6.11
0.199,286.27,28.6,1699.84,72.7,191,7.96,5.86
0.199,296.87,28.7,1843.2,72.7,189,7.99,6.06
0.193,296.87,28.7,1955.84,72.7,196,7.77,6.06
0.198,283.35,28.7,2048.0,72.7,199,8.05,5.81
0.198,296.91,28.7,2170.88,72.7,201,7.99,6.04
0.192,287.39,28.8,2263.04,72.7,210,7.68,5.89
0.198,296.88,28.8,2406.4,72.7,211,8.04,6.06
0.197,283.45,28.8,2539.52,72.7,210,8.07,5.83
0.199,296.86,28.8,1628.16,72.7,185,8.05,6.21
0.198,296.87,28.9,1730.56,72.7,187,8.07,6.13
0.198,296.81,28.9,1843.2,72.7,193,8.08,6.11
0.198,296.82,28.9,1966.08,72.7,204,8.08,6.12
0.197,296.88,28.9,2068.48,72.7,202,8.04,6.09
0.198,296.87,29.0,2201.6,72.7,206,8.02,6.13
0.189,296.79,29.0,2324.48,72.7,208,7.8,6.15
0.197,296.79,29.0,2437.12,72.7,208,8.05,6.11
0.197,296.83,29.0,2539.52,72.7,215,7.99,6.12
0.199,270.83,29.1,1597.44,72.7,189,8.03,5.53
0.198,296.77,29.1,1761.28,72.7,196,7.97,6.15
0.198,296.71,29.1,1873.92,72.7,208,7.96,6.16
0.189,296.66,29.2,1976.32,72.7,203,7.6,6.15
0.19,296.58,29.2,2088.96,72.7,200,7.68,6.1
0.198,296.51,29.2,2191.36,72.7,205,7.98,6.11
0.198,281.04,29.2,2263.04,72.7,208,7.97,5.81
0.198,296.67,29.3,2426.88,72.7,220,8.07,6.13
0.198,296.69,29.3,2549.76,72.7,217,8.1,6.1
0.199,296.67,29.3,1648.64,72.7,185,8.13,6.17
0.19,282.83,29.3,1710.08,72.7,191,7.83,5.8
0.199,284.15,29.4,1894.4,72.7,199,8.09,5.84
0.193,296.79,29.4,2017.28,72.7,212,7.88,6.06
0.2,296.8,29.4,2109.44,72.7,197,8.19,6.04
0.2,296.84,29.4,2181.12,72.7,204,8.15,6.03
0.2,296.85,29.5,2304.0,72.7,207,8.21,6.01
0.199,296.87,29.5,2437.12,72.7,211,8.1,6.07
0.2,282.7,29.5,2549.76,72.7,224,8.11,5.77
0.199,296.84,29.6,1689.6,72.7,197,7.98,6.19
0.197,296.82,29.6,1761.28,72.7,192,8.03,6.11
0.196,296.8,29.6,1873.92,72.7,193,8.0,6.09
0.195,296.84,29.6,1996.8,72.7,192,8.04,6.17
0.185,296.9,29.6,2119.68,72.7,201,7.62,6.18
0.194,296.93,29.7,2232.32,72.7,205,8.0,6.2
0.194,296.93,29.7,2293.76,72.7,213,8.0,6.23
0.195,296.92,29.7,2437.12,72.7,211,8.06,6.22
0.195,296.93,29.8,2539.52,72.7,215,8.0,6.22
0.196,296.92,29.8,1628.16,72.7,186,8.03,6.26
0.196,286.99,29.8,1761.28,72.7,194,7.92,6.06
0.182,296.84,29.8,1884.16,72.7,194,7.4,6.29
0.19,296.85,29.9,2017.28,72.7,200,7.75,6.22
0.197,296.86,29.9,2088.96,72.7,200,8.09,6.22
0.199,296.88,29.9,2232.32,72.7,208,8.07,6.2
0.198,296.88,29.9,2344.96,72.7,211,8.06,6.19
0.198,296.84,30.0,2447.36,72.7,212,8.06,6.19
0.189,296.77,30.0,2560.0,72.7,225,7.71,6.17
0.197,284.49,30.0,1628.16,72.7,187,8.0,6.0
0.191,296.7,30.0,1771.52,72.7,188,7.82,6.2
0.197,296.78,30.1,1894.4,72.7,197,7.99,6.19
0.197,296.87,30.1,2007.04,72.7,196,8.11,6.15
0.196,296.84,30.1,2129.92,72.7,206,8.0,6.13
0.188,296.83,30.1,2201.6,72.7,204,7.68,6.11
0.188,296.78,30.2,2324.48,72.7,212,7.56,6.1
0.198,283.87,30.2,2457.6,72.7,213,7.98,5.82
0.197,296.81,30.2,1576.96,72.7,184,8.01,6.12
0.198,296.85,30.3,1689.6,72.7,192,8.09,6.18
0.186,296.88,30.3,1761.28,72.7,193,7.6,6.15
0.189,296.83,30.3,1925.12,72.7,198,7.68,6.14
0.197,283.04,30.3,1986.56,72.7,208,7.89,5.91
0.197,296.75,30.3,2119.68,72.7,199,7.85,6.22
0.195,296.84,30.4,2232.32,72.7,201,7.87,6.24
0.195,296.89,30.4,2344.96,72.7,212,7.93,6.24
0.195,296.88,30.4,2488.32,72.7,217,7.81,6.2
0.195,296.92,30.5,1587.2,72.7,185,7.79,6.2
0.187,296.91,30.5,1689.6,72.7,192,7.49,6.27
0.195,296.93,30.5,1792.0,72.7,194,7.78,6.18
0.195,287.99,30.5,1884.16,72.7,194,7.78,5.99
0.195,296.99,30.6,2058.24,72.7,199,7.76,6.14
0.194,296.99,30.6,2160.64,72.8,205,7.76,6.1
0.195,297.03,30.6,2232.32,72.8,217,7.83,6.09
0.195,297.04,30.6,2385.92,72.8,208,7.86,6.08
0.196,297.03,30.7,2467.84,72.8,211,7.97,6.08
0.196,297.04,30.7,1587.2,72.8,185,8.0,6.14
0.195,283.56,30.7,1699.84,72.8,187,7.91,5.88
0.186,296.98,30.8,1822.72,72.8,192,7.59,6.18
0.195,296.92,30.8,1945.6,72.8,200,7.97,6.12
0.187,286.97,30.8,1996.8,72.8,204,7.73,5.95
0.196,296.78,30.8,2140.16,72.8,206,8.04,6.14
0.194,296.73,30.9,2263.04,72.8,205,7.95,6.13
0.188,296.71,30.9,2396.16,72.8,210,7.7,6.12
0.195,296.62,30.9,2467.84,72.8,202,7.86,6.11
0.195,283.17,30.9,1597.44,72.8,180,7.93,5.86
0.195,296.66,30.9,1720.32,72.8,186,8.02,6.16
0.196,282.85,31.0,1761.28,72.8,188,8.04,5.83
0.196,296.6,31.0,1945.6,72.8,190,7.99,6.08
0.196,296.61,31.0,2068.48,72.8,204,8.01,6.07
0.197,296.62,31.1,2181.12,72.8,203,8.04,6.03
0.196,296.62,31.1,2242.56,72.8,206,8.07,6.05
0.197,296.68,31.1,2365.44,72.8,215,8.01,6.07
0.198,296.66,31.1,2478.08,72.8,216,8.12,6.09
0.197,296.69,31.2,1587.2,72.8,188,8.06,6.07
0.197,296.67,31.2,1710.08,72.8,184,8.0,6.1
0.198,285.53,31.2,1781.76,72.8,192,7.98,5.81
0.187,280.48,31.2,1873.92,72.8,193,7.6,5.7
0.19,296.81,31.3,2068.48,72.8,204,7.79,6.07
0.197,296.84,31.3,2181.12,72.8,205,8.07,6.08
0.196,283.13,31.3,2222.08,72.8,206,8.02,5.79
0.197,280.94,31.3,2324.48,72.8,207,8.03,5.74
0.196,296.99,31.4,2478.08,72.8,209,7.98,6.1
0.196,296.98,31.4,1607.68,72.8,218,7.94,6.16
0.195,296.96,31.4,1720.32,72.8,186,7.92,6.19
0.196,296.98,31.4,1792.0,72.8,189,7.99,6.15
0.195,296.98,31.5,1925.12,72.8,208,8.02,6.14
0.185,296.98,31.5,2068.48,72.8,201,7.64,6.11
0.194,296.99,31.5,2140.16,72.8,199,8.02,6.15
0.188,296.96,31.6,2252.8,72.8,208,7.8,6.16
0.194,296.92,31.6,2406.4,72.8,210,8.05,6.19
0.194,296.88,31.6,2478.08,73.0,217,8.08,6.16
0.195,296.81,31.6,1607.68,72.8,190,8.1,6.11
0.196,296.81,31.7,1720.32,72.8,187,8.16,6.12
0.196,281.58,31.7,1781.76,72.8,194,8.16,5.81
0.195,296.82,31.7,1955.84,72.8,194,8.13,6.16
0.196,296.87,31.7,2068.48,72.8,200,8.07,6.13
0.196,296.82,31.8,2140.16,72.8,205,8.11,6.14
0.197,296.87,31.8,2273.28,72.8,208,8.14,6.11
0.19,281.15,31.8,2334.72,72.8,221,7.8,5.79
0.198,296.94,31.8,2508.8,72.8,212,8.18,6.08
0.198,296.89,31.9,1617.92,72.8,188,8.02,6.15
0.198,296.88,31.9,1751.04,72.8,192,8.04,6.23
0.198,296.82,31.9,1873.92,72.8,189,7.98,6.16
0.191,296.81,31.9,1976.32,72.8,195,7.69,6.11
0.198,296.81,32.0,2048.0,72.8,203,7.96,6.11
0.198,286.34,32.0,2140.16,72.8,204,7.95,5.89
0.181,296.82,32.0,2273.28,72.8,201,7.26,6.1
0.195,296.74,32.1,2385.92,72.8,219,7.87,6.17
0.196,296.76,32.1,2508.8,72.8,216,7.9,6.14
0.196,296.73,32.1,1617.92,72.8,186,7.92,6.2
0.197,296.8,32.1,1720.32,72.8,194,7.98,6.18
0.197,287.41,32.2,1822.72,72.8,196,7.96,5.93
0.198,296.6,32.2,1945.6,72.8,194,7.96,6.17
0.198,296.58,32.2,2058.24,72.8,201,7.98,6.15
0.198,296.6,32.2,2170.88,72.8,204,7.98,6.15
0.197,296.55,32.3,2273.28,72.8,202,7.92,6.11
0.197,296.6,32.3,2406.4,72.8,214,8.01,6.06
0.19,296.63,32.3,2519.04,72.8,213,7.66,6.04
0.199,284.76,32.3,1638.4,72.8,186,8.01,5.87
0.198,296.6,32.4,1761.28,72.8,198,7.98,6.13
0.198,296.63,32.4,1873.92,72.8,195,8.03,6.07
0.197,296.87,32.4,1986.56,72.8,212,7.99,6.1
0.197,296.94,32.4,2119.68,72.8,205,8.07,6.06
0.188,296.96,32.5,2170.88,72.8,207,7.71,6.09
0.189,296.95,32.5,2334.72,72.8,216,7.82,6.08
0.197,296.94,32.5,2396.16,72.8,211,8.13,6.08
0.196,284.14,32.5,2539.52,72.8,215,8.07,5.9
0.187,296.9,32.6,1669.12,72.8,189,7.59,6.26
0.196,296.91,32.6,1740.8,72.8,194,7.98,6.17
0.179,296.88,32.6,1873.92,72.8,192,7.32,6.15
0.197,296.86,32.6,1996.8,72.8,191,7.94,6.14
0.188,296.88,32.7,2099.2,72.8,202,7.61,6.13
0.196,283.83,32.7,2150.4,72.8,202,7.99,5.85
0.188,296.9,32.7,2293.76,72.8,212,7.65,6.13
0.197,296.93,32.7,2426.88,72.8,210,8.06,6.21
0.186,296.94,32.8,2529.28,72.8,212,7.61,6.13
0.199,296.91,32.8,1679.36,72.8,190,8.07,6.26
0.199,296.97,32.8,1781.76,72.8,188,8.01,6.19
0.198,296.98,32.9,1873.92,72.8,201,8.05,6.18
0.198,296.98,32.9,1976.32,72.8,196,8.0,6.19
0.198,296.98,32.9,2119.68,72.8,198,8.02,6.19
0.199,284.51,32.9,2160.64,72.8,202,8.03,5.96
0.2,296.99,33.0,2314.24,72.8,205,7.9,6.22
0.199,297.01,33.0,2416.64,72.8,209,7.98,6.2
0.198,284.88,33.0,2549.76,72.8,212,7.95,6.03
0.2,296.9,33.0,1648.64,72.8,194,8.05,6.32
0.199,296.87,33.1,1771.52,72.8,188,8.03,6.29
0.199,296.84,33.1,1884.16,72.8,196,8.12,6.29
0.2,285.43,33.1,1996.8,72.8,198,8.13,6.02
0.199,285.25,33.1,2058.24,72.8,198,8.14,5.95
0.199,296.9,33.2,2201.6,72.8,208,8.12,6.2
0.198,296.89,33.2,2314.24,72.8,225,8.13,6.15
0.197,296.82,33.2,2457.6,72.8,217,8.1,6.09
0.197,296.79,33.2,1576.96,72.8,190,8.14,6.12
0.197,296.82,33.3,1638.4,72.8,189,8.08,6.14
0.187,283.41,33.3,1781.76,72.8,193,7.63,5.82
0.196,296.85,33.3,1863.68,72.8,193,7.9,6.14
0.187,296.79,33.4,1996.8,72.8,198,7.45,6.09
0.186,296.71,33.4,2129.92,72.8,200,7.44,6.15
0.196,296.7,33.4,2242.56,72.8,202,7.82,6.14
0.196,296.66,33.4,2365.44,72.8,211,7.82,6.19
0.196,285.86,33.5,2416.64,72.8,220,7.72,5.97
0.197,296.65,33.5,1587.2,72.8,189,7.81,6.26
0.197,296.69,33.5,1699.84,72.8,192,7.91,6.32
0.189,296.72,33.5,1761.28,72.8,194,7.6,6.24
0.199,296.74,33.6,1894.4,72.8,191,8.08,6.2
0.191,296.78,33.6,1986.56,72.8,201,7.73,6.24
0.199,296.86,33.6,2099.2,72.8,202,8.04,6.25
0.199,296.9,33.6,2222.08,72.8,211,7.95,6.23
0.198,296.91,33.7,2324.48,72.8,214,7.97,6.19
0.189,296.89,33.7,2457.6,72.8,215,7.63,6.16
0.19,296.92,33.7,1576.96,72.8,181,7.65,6.14
0.191,283.51,33.7,1628.16,72.8,214,7.69,5.88
0.197,296.91,33.8,1812.48,72.9,187,8.01,6.21
0.198,296.88,33.8,1884.16,72.9,195,7.97,6.24
0.197,296.89,33.8,1976.32,72.8,196,8.0,6.22
0.196,296.94,33.9,2109.44,72.9,209,7.99,6.17
0.188,296.9,33.9,2211.84,72.9,206,7.73,6.21
0.196,296.94,33.9,2355.2,72.9,215,8.07,6.19
0.196,284.08,33.9,2467.84,72.9,211,8.1,6.0
0.197,297.01,34.0,1576.96,72.9,192,8.08,6.25
0.195,296.95,34.0,1699.84,72.9,202,8.0,6.35
0.197,296.95,34.0,1771.52,72.9,195,8.05,6.26
0.197,296.96,34.0,1873.92,72.9,192,8.11,6.22
0.196,296.98,34.1,2048.0,72.9,203,8.09,6.15
0.196,296.93,34.1,2160.64,72.9,208,8.07,6.15
0.197,296.87,34.1,2222.08,72.9,200,8.03,6.17
0.197,296.9,34.1,2385.92,72.9,212,7.97,6.09
0.197,282.61,34.2,2447.36,72.9,216,7.91,5.78
0.197,296.83,34.2,2570.24,72.9,215,7.96,6.03
0.188,296.87,34.2,1679.36,72.9,185,7.66,6.11
0.197,296.79,34.2,1832.96,72.9,191,8.04,6.04
0.197,296.77,34.3,1914.88,72.9,197,8.03,6.03
0.19,296.77,34.3,2037.76,72.9,204,7.77,6.06
0.196,296.75,34.3,2181.12,72.9,202,8.07,6.06
0.19,285.36,34.3,2222.08,72.9,205,7.78,5.83
0.196,296.77,34.4,2375.68,72.9,210,8.01,6.05
0.188,296.67,34.4,2447.36,72.9,214,7.71,6.12
0.197,296.66,34.4,1576.96,72.9,186,8.03,6.13
0.196,296.58,34.4,1689.6,72.9,190,8.04,6.23
0.196,296.6,34.5,1802.24,72.9,195,8.08,6.13
0.195,283.96,34.5,1925.12,72.9,196,7.92,5.86
0.196,281.71,34.5,1986.56,72.9,203,7.99,5.84
0.196,296.63,34.6,2160.64,72.9,206,7.97,6.16
0.195,296.64,34.6,2273.28,72.9,201,8.01,6.14
0.195,296.61,34.6,2406.4,72.9,211,8.09,6.16
0.196,296.56,34.6,2478.08,72.9,214,8.08,6.19
0.196,296.51,34.7,1628.16,72.9,180,8.12,6.26
0.187,296.46,34.7,1740.8,72.9,262,7.79,6.31
0.197,296.49,34.7,1853.44,72.9,198,8.08,6.19
0.196,296.48,34.7,1955.84,72.9,195,8.11,6.21
0.197,296.51,34.8,2078.72,72.9,201,8.04,6.17
0.196,296.56,34.8,2140.16,72.9,211,8.07,6.16
0.198,296.55,34.8,2242.56,72.9,205,8.05,6.15
0.197,285.5,34.8,2416.64,72.9,214,8.03,5.97
0.191,286.85,34.9,2478.08,72.9,209,7.78,5.98
0.197,296.64,34.9,1607.68,72.9,187,8.03,6.21
0.188,296.69,34.9,1720.32,72.9,193,7.63,6.24
0.196,296.69,34.9,1863.68,72.9,191,8.03,6.22
0.196,296.7,35.0,1966.08,72.9,197,7.99,6.23
0.196,296.7,35.0,2088.96,72.9,199,7.99,6.21
0.189,296.63,35.0,2160.64,72.9,202,7.7,6.19
0.196,296.65,35.1,2304.0,72.9,211,7.98,6.16
0.196,296.67,35.1,2365.44,72.9,216,8.03,6.19
0.197,296.67,35.1,2529.28,72.9,219,8.03,6.14
0.196,284.21,35.1,1607.68,72.9,185,7.93,5.91
0.195,284.23,35.2,1720.32,72.9,192,7.96,5.88
0.196,296.59,35.2,1832.96,72.9,188,7.98,6.13
0.195,296.58,35.2,1955.84,72.9,194,7.99,6.13
0.196,296.56,35.2,2078.72,72.9,204,7.95,6.13
0.196,284.49,35.3,2201.6,72.9,202,8.04,5.9
0.19,286.47,35.3,2252.8,72.9,204,7.79,5.9
0.185,296.51,35.3,2437.12,72.9,219,7.52,6.12
0.196,296.55,35.3,2519.04,72.9,212,7.96,6.13
0.188,285.93,35.4,1648.64,72.9,187,7.72,6.0
0.196,284.71,35.4,1699.84,72.9,182,7.97,5.98
0.196,296.46,35.4,1853.44,72.9,191,7.95,6.17
0.197,296.41,35.4,1966.08,72.9,199,7.93,6.17
0.188,296.4,35.5,2068.48,72.9,202,7.58,6.15
0.198,296.38,35.5,2201.6,72.9,202,7.86,6.17
0.197,296.36,35.5,2304.0,72.9,210,7.87,6.19
0.197,296.39,35.6,2416.64,72.9,209,7.76,6.2
0.196,296.38,35.6,2508.8,72.9,210,7.81,6.22
0.19,296.35,35.6,1628.16,72.9,191,7.59,6.31
0.197,296.35,35.6,1761.28,72.9,191,7.83,6.14
0.198,296.35,35.7,1873.92,72.9,202,7.87,6.08
0.197,296.4,35.7,1935.36,72.9,199,7.87,6.06
0.197,282.63,35.7,2048.0,72.9,203,7.89,5.76
0.196,296.38,35.7,2222.08,72.9,205,7.92,6.1
0.196,282.02,35.8,2324.48,72.9,211,7.96,5.85
0.197,296.3,35.8,2385.92,72.9,212,8.04,6.19
0.195,284.56,35.8,2560.0,72.9,218,8.04,5.95
0.196,296.16,35.8,1628.16,72.9,189,8.06,6.23
0.19,296.18,35.9,1761.28,72.9,191,7.79,6.32
0.196,296.08,35.9,1873.92,72.9,197,8.04,6.52
0.196,296.04,35.9,1996.8,72.9,193,8.02,6.69
0.196,296.0,35.9,2109.44,72.9,208,8.11,6.71
0.195,282.15,36.0,2160.64,72.9,206,8.07,6.49
0.197,296.06,36.0,2304.0,72.9,204,8.06,6.79
0.197,296.02,36.0,2426.88,72.9,220,8.04,6.79
0.196,296.02,36.0,2539.52,72.9,208,8.0,6.81
0.188,296.0,36.1,1669.12,72.9,198,7.61,6.85
0.197,296.01,36.1,1792.0,72.9,189,8.03,6.91
0.197,296.01,36.1,1904.64,72.9,200,7.93,6.89
0.196,296.04,36.2,1966.08,72.9,201,7.96,6.84
0.198,295.97,36.2,2088.96,72.9,206,8.01,6.84
0.186,296.01,36.2,2191.36,72.9,203,7.5,6.8
0.196,295.98,36.2,2304.0,72.9,204,7.96,6.83
0.189,295.99,36.3,2416.64,73.0,208,7.67,6.85
0.196,296.02,36.3,2529.28,72.9,216,8.04,6.85
0.196,296.09,36.3,1628.16,73.0,187,8.05,6.86
0.188,296.14,36.3,1761.28,72.9,191,7.65,6.88
0.197,285.23,36.4,1884.16,72.9,192,8.08,6.55
0.195,296.29,36.4,1996.8,73.0,201,8.09,6.71
0.188,285.96,36.4,2068.48,72.9,204,7.79,6.47
0.195,296.38,36.4,2211.84,73.0,203,8.14,6.63
0.195,286.93,36.5,2304.0,73.0,207,8.15,6.41
0.187,296.42,36.5,2437.12,73.0,213,7.85,6.54
0.195,281.9,36.5,2508.8,73.0,213,8.13,6.22
0.196,296.4,36.5,1648.64,73.0,190,8.11,6.58
0.187,296.44,36.6,1802.24,73.0,198,7.68,6.43
0.183,296.46,36.6,1873.92,73.0,195,7.53,6.32
0.195,296.45,36.6,1996.8,73.0,201,7.91,6.23
0.197,295.91,36.6,2099.2,73.0,197,7.95,6.15
0.2,295.43,36.7,2252.8,73.0,213,7.99,6.1
0.201,295.36,36.7,2365.44,73.0,211,8.04,6.08
0.2,295.28,36.7,2478.08,73.0,215,8.07,6.12
0.199,295.13,36.8,2570.24,73.0,214,8.03,6.1
0.2,295.03,36.8,1669.12,73.0,194,7.98,6.18
0.2,294.97,36.8,1781.76,73.0,195,8.01,6.12
0.199,284.52,36.8,1884.16,73.0,194,7.99,5.9
0.199,294.71,36.8,1996.8,73.0,193,8.01,6.14
0.198,294.81,36.9,2099.2,73.0,203,8.03,6.13
0.187,295.48,36.9,2263.04,73.0,206,7.67,6.19
0.197,295.56,36.9,2314.24,73.0,210,8.05,6.24
0.187,295.69,37.0,2437.12,73.0,208,7.63,6.23
0.19,284.74,37.0,2529.28,73.0,216,7.67,5.97
0.197,282.69,37.0,1710.08,73.0,192,7.98,5.97
0.186,295.93,37.0,1771.52,73.0,190,7.57,6.25
0.197,296.13,37.1,1884.16,73.0,198,8.02,6.2
0.197,296.2,37.1,2037.76,73.0,204,7.93,6.13
0.189,296.34,37.1,2140.16,73.0,212,7.68,6.11
0.197,296.39,37.1,2222.08,73.0,205,7.93,6.11
0.189,296.57,37.2,2385.92,73.0,211,7.62,6.1
0.188,296.59,37.2,2467.84,73.0,213,7.53,6.16
0.196,296.56,37.2,2375.68,73.0,208,7.92,6.14
0.196,296.55,37.2,1689.6,73.0,186,7.9,6.2
0.195,296.52,37.3,1832.96,73.0,197,7.96,6.14
0.196,296.48,37.3,1894.4,73.0,199,8.02,6.17
0.187,296.42,37.3,2017.28,73.0,200,7.71,6.2
0.196,296.41,37.3,2119.68,73.0,200,8.06,6.22
0.195,296.4,37.4,2222.08,73.0,209,8.06,6.26
0.183,296.29,37.4,2355.2,73.0,213,7.51,6.26
0.196,282.03,37.4,2478.08,73.0,212,8.15,5.96
0.197,296.14,37.5,1587.2,73.0,185,8.17,6.32
0.196,282.49,37.5,1710.08,73.0,186,8.14,6.07
0.197,296.12,37.5,1802.24,73.0,193,8.15,6.36
0.2,285.62,37.5,1894.4,73.0,198,8.1,6.16
0.199,295.45,37.6,2007.04,73.0,205,8.14,6.38
0.199,295.32,37.6,2119.68,73.0,205,8.05,6.36
0.199,295.25,37.6,2242.56,73.0,211,7.97,6.32
0.199,295.25,37.6,2375.68,73.0,213,7.99,6.37
0.198,295.2,37.7,2478.08,73.0,211,8.0,6.32
0.198,280.99,37.7,1587.2,73.0,186,7.92,5.99
0.198,295.16,37.7,1699.84,73.0,193,8.01,6.39
0.198,281.49,37.7,1822.72,73.0,192,8.02,6.02
0.197,295.14,37.8,1935.36,73.0,192,8.03,6.33
0.187,295.55,37.8,2037.76,73.0,202,7.68,6.3
0.196,295.71,37.8,2129.92,73.0,204,8.11,6.31
0.197,295.71,37.8,2252.8,73.0,207,8.12,6.34
0.197,295.71,37.9,2365.44,73.0,206,8.19,6.32
0.189,282.82,37.9,2488.32,73.0,220,7.77,6.03
0.197,295.88,37.9,1576.96,73.0,186,8.15,6.25
0.189,282.62,37.9,1689.6,73.0,193,7.8,5.96
0.197,296.01,38.0,1822.72,73.0,188,8.14,6.23
0.197,296.08,38.0,1925.12,73.0,194,8.1,6.21
0.197,282.43,38.0,2068.48,73.0,206,8.13,5.91
0.189,296.2,38.1,2170.88,73.0,201,7.83,6.23
0.19,296.24,38.1,2293.76,73.0,202,7.91,6.21
0.196,286.37,38.1,2344.96,73.0,215,8.14,6.0
0.196,296.22,38.1,2478.08,73.0,216,8.12,6.16
0.196,285.12,38.2,1607.68,73.0,216,8.02,6.04
0.196,296.09,38.2,1699.84,73.0,190,8.11,6.32
0.196,296.1,38.2,1832.96,73.0,195,8.14,6.26
0.196,282.9,38.2,1925.12,73.0,194,8.16,5.98
0.196,296.13,38.3,2037.76,73.0,198,8.16,6.27
0.197,281.56,38.3,2099.2,73.0,204,8.11,6.0
0.197,295.87,38.3,2293.76,73.0,203,8.11,6.29
0.196,295.89,38.3,2385.92,73.0,213,8.04,6.27
0.197,295.91,38.4,2519.04,73.0,216,8.09,6.23
0.192,295.92,38.4,1628.16,73.0,184,7.81,6.35
0.197,285.57,38.4,1720.32,73.0,194,8.02,6.1
0.19,283.23,38.4,1781.76,73.0,190,7.71,6.06
0.198,283.75,38.5,1925.12,73.0,201,8.07,6.0
0.198,296.01,38.5,2048.0,73.0,200,8.06,6.25
0.198,296.09,38.5,2129.92,73.0,203,8.05,6.21
0.189,287.06,38.5,2242.56,73.0,215,7.68,6.0
0.197,281.55,38.6,2396.16,73.0,209,8.14,5.89
0.191,287.44,38.6,2467.84,73.0,215,7.88,6.0
0.197,285.17,38.6,1587.2,73.0,190,8.12,5.95
0.197,296.32,38.6,1751.04,73.0,193,8.08,6.27
0.198,296.36,38.7,1853.44,73.0,198,7.9,6.18
0.19,296.37,38.7,1925.12,73.0,196,7.66,6.22
0.196,296.4,38.7,2048.0,73.0,202,7.98,6.25
0.187,296.4,38.7,2160.64,73.0,199,7.62,6.2
0.197,296.39,38.8,2252.8,73.0,199,8.01,6.21
0.189,278.8,38.8,2324.48,73.0,207,7.6,5.88
0.197,296.27,38.8,2488.32,73.0,221,8.0,6.26
0.196,296.22,38.9,1638.4,73.0,184,7.97,6.3
0.196,296.11,38.9,1751.04,73.0,191,7.97,6.32
0.197,296.06,38.9,1853.44,73.0,196,8.0,6.26
0.195,295.99,38.9,1966.08,73.0,294,7.84,6.26
0.196,284.29,39.0,2027.52,73.0,200,7.92,6.04
0.196,295.89,39.0,2170.88,73.0,211,7.95,6.25
0.196,295.86,39.0,2304.0,73.0,212,8.03,6.27
0.195,295.88,39.1,2437.12,73.0,218,7.99,6.28
0.196,295.97,39.1,2549.76,73.0,217,7.96,6.32
0.196,295.97,39.1,1648.64,73.0,230,7.97,6.41
0.196,295.97,39.1,1751.04,73.0,194,7.94,6.43
0.196,283.31,39.1,1802.24,73.0,201,7.99,6.05
0.195,296.07,39.2,1966.08,73.0,197,7.99,6.29
0.194,296.14,39.2,2058.24,73.0,196,7.95,6.24
0.187,296.15,39.2,2181.12,73.1,202,7.54,6.28
0.195,296.18,39.3,2293.76,73.0,206,8.05,6.25
0.194,296.18,39.3,2437.12,73.0,213,7.94,6.25
0.196,296.15,39.3,2498.56,73.0,211,7.96,6.21
0.188,296.12,39.3,1628.16,73.0,188,7.67,6.26
0.195,296.08,39.4,1740.8,73.1,191,8.01,6.28
0.195,296.09,39.4,1863.68,73.1,197,8.08,6.21
0.186,296.08,39.4,1996.8,73.0,206,7.63,6.17
0.196,296.07,39.4,2068.48,73.1,197,8.02,6.25
0.196,296.05,39.4,2201.6,73.1,208,8.0,6.24
0.197,296.05,39.5,2304.0,73.1,211,8.01,6.22
0.196,296.05,39.5,2406.4,73.1,208,8.04,6.29
0.196,296.04,39.5,2549.76,73.1,212,8.03,6.27
0.197,296.02,39.6,1648.64,73.1,191,8.11,6.35
0.198,284.2,39.6,1720.32,73.1,193,8.06,6.01
0.197,296.08,39.6,1853.44,73.1,191,8.11,6.25
0.197,296.06,39.6,1976.32,73.1,204,8.04,6.24
0.197,296.06,39.7,2078.72,73.1,209,8.07,6.22
0.197,296.06,39.7,2181.12,73.1,198,8.07,6.22
0.196,283.56,39.7,2334.72,73.1,207,8.03,5.94
0.197,295.95,39.7,2396.16,73.1,209,7.93,6.23
0.196,295.92,39.8,2539.52,73.1,212,8.02,6.18
0.196,295.94,39.8,1669.12,73.1,187,8.02,6.29
0.196,295.92,39.8,1771.52,73.1,195,7.95,6.24
0.195,295.93,39.9,1832.96,73.1,194,7.97,6.24
0.195,295.93,39.9,1986.56,73.3,195,7.95,6.33
0.185,285.45,39.9,2109.44,73.1,199,7.51,6.04
0.193,295.98,39.9,2211.84,73.1,204,7.89,6.26
0.194,296.04,40.0,2314.24,73.1,206,7.95,6.26
0.194,296.06,40.0,2467.84,73.1,212,8.06,6.28
0.193,296.05,40.0,2570.24,73.1,219,8.06,6.24
0.193,296.02,40.0,1648.64,73.1,187,7.97,6.31
0.194,295.94,40.1,1761.28,73.1,194,7.97,6.28
0.194,295.95,40.1,1884.16,73.1,199,7.95,6.25
0.195,295.97,40.1,2027.52,73.1,198,8.0,6.21
0.184,295.96,40.1,2129.92,73.1,203,7.57,6.22
0.197,295.94,40.2,2242.56,73.1,203,8.04,6.26
0.189,283.07,40.2,2304.0,73.1,205,7.72,6.01
0.197,295.94,40.2,2467.84,73.1,213,8.0,6.23
0.197,285.87,40.2,2519.04,73.1,208,7.8,6.06
0.199,285.06,40.3,1648.64,73.1,189,7.93,6.07
0.198,283.74,40.3,1730.56,73.1,189,7.87,6.05
0.188,295.88,40.3,1873.92,73.6,197,7.43,6.28
0.197,295.9,40.3,2017.28,73.1,198,7.96,6.28
0.197,295.91,40.4,2099.2,73.1,201,7.86,6.3
0.196,295.92,40.4,2211.84,73.1,206,7.88,6.3
0.195,277.39,40.4,2304.0,73.1,210,7.9,5.89
0.189,295.81,40.4,2437.12,73.1,209,7.67,6.28
0.194,295.82,40.5,2549.76,73.1,215,7.9,6.27
0.195,295.8,40.5,1699.84,73.1,189,7.89,6.45
0.194,285.23,40.5,1751.04,73.1,191,7.88,6.15
0.194,296.04,40.6,1884.16,73.4,206,7.99,6.33
0.194,296.11,40.6,2037.76,73.1,187,7.93,6.35
0.196,285.32,40.6,2119.68,73.1,203,8.07,6.09
0.195,296.1,40.6,2252.8,73.1,208,8.08,6.3
0.195,284.77,40.7,2304.0,73.1,200,8.07,6.06
0.196,296.09,40.7,2457.6,73.1,215,8.1,6.26
0.198,296.08,40.7,2570.24,73.1,213,8.1,6.22
0.188,296.04,40.7,1669.12,73.1,193,7.72,6.32
0.198,296.01,40.8,1822.72,73.1,191,8.11,6.22
0.197,295.93,40.8,1925.12,73.1,200,7.99,6.22
0.197,295.83,40.8,2037.76,73.1,195,7.92,6.16
0.197,283.14,40.8,2099.2,73.1,197,7.95,5.93
0.197,295.83,40.9,2222.08,73.1,201,7.88,6.16
0.198,295.82,40.9,2365.44,73.1,208,7.86,6.23
0.197,295.89,40.9,2467.84,73.1,216,7.95,6.19
0.196,295.91,40.9,1576.96,73.1,189,7.87,6.17
0.197,295.93,41.0,1710.08,73.1,257,7.87,6.3
0.197,295.91,41.0,1771.52,73.1,199,7.94,6.22
0.196,295.99,41.0,1945.6,73.1,195,7.91,6.21
0.187,296.02,41.0,2017.28,73.1,198,7.6,6.22
0.197,296.01,41.1,2140.16,73.1,197,7.98,6.25
0.196,285.95,41.1,2211.84,73.1,208,8.08,6.05
0.196,295.96,41.1,2365.44,73.1,209,8.07,6.19
0.196,295.9,41.2,2478.08,73.1,210,8.12,6.25
0.196,282.5,41.2,2570.24,73.1,212,8.07,6.05
0.196,295.89,41.2,1679.36,73.1,186,8.07,6.38
0.195,295.94,41.2,1781.76,73.1,193,8.09,6.35
0.195,295.85,41.3,1925.12,73.1,197,8.08,6.39
0.187,284.91,41.3,2037.76,73.1,205,7.69,6.12
0.195,295.82,41.3,2170.88,73.1,205,8.07,6.31
0.196,295.86,41.3,2242.56,73.1,204,8.1,6.33
0.196,295.82,41.4,2355.2,73.1,211,8.03,6.37
0.196,281.78,41.4,2457.6,73.1,210,8.04,6.1
0.195,295.86,41.4,2570.24,73.1,212,7.99,6.33
0.196,295.78,41.4,1689.6,73.1,229,7.98,6.41
0.196,295.8,41.5,1812.48,73.1,189,7.97,6.37
0.188,295.8,41.5,1904.64,73.1,193,7.73,6.37
0.196,295.86,41.5,2037.76,73.1,200,7.96,6.33
0.196,295.85,41.5,2129.92,73.1,204,7.98,6.29
0.188,285.41,41.6,2232.32,73.1,207,7.63,6.13
0.196,295.86,41.6,2344.96,73.1,217,8.02,6.32
0.186,295.83,41.6,2488.32,73.1,213,7.59,6.31
0.195,295.75,41.7,1597.44,73.1,199,8.02,6.35
0.196,295.72,41.7,1710.08,73.1,191,8.08,6.44
0.196,295.7,41.7,1812.48,73.1,195,8.06,6.36
0.195,295.73,41.7,1925.12,73.1,198,7.95,6.37
0.195,295.71,41.8,2037.76,73.1,205,7.94,6.39
0.195,295.69,41.8,2170.88,73.1,202,7.98,6.39
0.195,295.74,41.8,2293.76,73.4,207,7.93,6.39
0.197,295.78,41.8,2406.4,73.1,209,7.89,6.35
0.196,295.83,41.9,2478.08,73.1,218,7.94,6.35
0.197,295.77,41.9,1597.44,73.1,182,7.93,6.4
0.19,282.14,41.9,1669.12,73.1,193,7.56,6.13
0.198,282.46,41.9,1771.52,73.1,189,7.86,6.11
0.198,295.86,42.0,1935.36,73.1,202,7.93,6.38
0.199,295.83,42.0,2058.24,73.1,198,8.06,6.34
0.198,295.91,42.0,2160.64,73.1,206,7.99,6.34
0.198,295.92,42.0,2304.0,73.1,206,8.03,6.35
0.187,295.78,42.1,2396.16,73.1,214,7.67,6.34
0.197,295.72,42.1,2519.04,73.1,217,8.12,6.36
0.198,285.58,42.1,1617.92,73.1,185,8.16,6.17
0.197,295.77,42.1,1740.8,73.1,195,8.14,6.42
0.196,295.78,42.2,1863.68,73.1,192,8.12,6.35
0.197,295.79,42.2,1925.12,73.1,191,8.21,6.33
0.197,286.36,42.2,2017.28,73.1,192,8.11,6.13
0.196,295.92,42.3,2181.12,73.1,218,8.15,6.26
0.196,295.93,42.3,2304.0,73.1,206,8.18,6.25
0.197,295.97,42.3,2385.92,73.1,209,8.17,6.25
0.196,296.04,42.3,2478.08,73.2,215,8.11,6.24
0.197,296.0,42.3,1638.4,73.1,190,8.18,6.29
0.197,296.01,42.4,1761.28,73.1,194,8.13,6.35
0.189,296.0,42.4,1863.68,73.1,190,7.77,6.26
0.197,296.01,42.4,1966.08,73.1,199,8.0,6.24
0.198,282.12,42.5,2017.28,73.2,200,7.96,5.95
0.198,295.96,42.5,2170.88,73.1,209,7.95,6.28
0.199,281.05,42.5,2232.32,73.2,204,7.86,5.98
0.191,282.52,42.5,2426.88,73.2,205,7.53,5.99
0.192,295.84,42.6,2519.04,73.2,216,7.5,6.23
0.197,295.84,42.6,1617.92,73.1,191,7.53,6.28
0.197,295.83,42.6,1720.32,73.1,195,7.67,6.29
0.198,295.8,42.6,1843.2,73.2,195,7.72,6.25
0.197,295.82,42.7,1966.08,73.2,197,7.77,6.25
0.186,295.83,42.7,2027.52,73.2,195,7.4,6.25
0.197,281.63,42.7,2129.92,73.2,202,7.86,5.92
0.197,295.88,42.7,2314.24,73.2,207,7.93,6.23
0.197,295.88,42.8,2406.4,73.2,212,7.96,6.26
0.198,295.91,42.8,2519.04,73.2,215,7.98,6.3
0.198,295.93,42.8,1648.64,73.2,195,8.0,6.34
0.198,296.0,42.9,1751.04,73.2,189,7.97,6.31
0.192,296.01,42.9,1853.44,73.2,196,7.76,6.29
0.199,271.91,42.9,1914.88,73.2,200,8.05,5.79
0.199,295.99,42.9,2088.96,73.2,198,8.03,6.26
0.198,295.93,43.0,2211.84,73.2,201,8.0,6.29
0.19,295.88,43.0,2334.72,73.2,209,7.74,6.31
0.199,282.73,43.0,2437.12,73.2,217,8.06,6.04
0.196,283.05,43.0,2508.8,73.2,228,8.05,6.04
0.197,295.92,43.1,1638.4,73.2,191,8.01,6.38
0.197,295.9,43.1,1761.28,73.2,190,8.05,6.37
0.195,271.2,43.1,1822.72,73.2,194,7.94,5.8
0.195,295.92,43.1,1976.32,73.2,200,7.97,6.29
0.193,295.98,43.2,2099.2,73.2,204,8.0,6.3
0.182,296.06,43.2,2201.6,73.2,202,7.51,6.3
0.195,296.11,43.2,2324.48,73.2,212,8.08,6.32
0.195,296.15,43.3,2447.36,73.2,212,8.09,6.29
0.195,296.16,43.3,2508.8,73.2,220,8.02,6.31
0.196,296.11,43.3,1638.4,73.2,190,8.08,6.4
0.196,296.17,43.3,1751.04,73.2,197,8.04,6.39
0.196,296.15,43.3,1853.44,73.2,202,8.07,6.3
0.198,296.06,43.4,2017.28,73.2,195,7.97,6.25
0.197,296.08,43.4,2109.44,73.2,203,8.06,6.25
0.197,282.7,43.4,2222.08,73.2,208,8.09,6.03
0.198,296.06,43.4,2344.96,73.2,208,8.06,6.31
0.198,295.97,43.5,2457.6,73.2,219,8.01,6.27
0.196,295.87,43.5,2570.24,73.2,216,8.14,6.25
0.196,295.85,43.5,1669.12,73.2,192,8.16,6.39
0.196,284.12,43.6,1730.56,73.2,185,8.17,6.08
0.196,295.8,43.6,1894.4,73.2,194,8.08,6.26
0.197,295.81,43.6,2007.04,73.2,197,8.07,6.26
0.188,285.65,43.6,2068.48,73.2,203,7.67,6.11
0.196,295.74,43.7,2242.56,73.2,209,7.98,6.3
0.188,295.65,43.7,2334.72,73.2,206,7.73,6.27
0.196,284.73,43.7,2406.4,73.2,206,7.98,6.06
0.197,295.67,43.7,2560.0,73.2,216,7.89,6.34
0.197,295.71,43.8,1658.88,73.2,186,7.88,6.37
0.196,295.73,43.8,1771.52,73.2,192,7.88,6.37
0.189,295.72,43.8,1884.16,73.2,196,7.71,6.29
0.186,295.74,43.8,2037.76,73.2,201,7.66,6.32
0.195,295.74,43.9,2099.2,73.2,198,8.0,6.29
0.197,295.74,43.9,2201.6,73.2,206,7.92,6.36
0.197,282.82,43.9,2324.48,73.2,211,7.95,6.07
0.196,295.81,44.0,2478.08,73.2,210,8.0,6.34
0.197,295.81,44.0,1597.44,73.2,187,8.04,6.33
0.196,295.75,44.0,1679.36,73.2,195,8.01,6.42
0.189,295.75,44.0,1802.24,73.2,196,7.79,6.37
0.196,295.73,44.1,1863.68,73.2,195,8.08,6.32
0.196,295.68,44.1,1996.8,73.2,197,8.02,6.36
0.197,295.64,44.1,2129.92,73.2,205,8.1,6.38
0.198,295.59,44.1,2232.32,73.2,212,8.08,6.33
0.191,280.37,44.2,2293.76,73.2,202,7.65,6.02
0.201,294.62,44.2,2457.6,73.2,211,7.94,6.31
0.205,294.11,44.2,2539.52,73.2,209,7.99,6.33
0.203,280.25,44.2,1699.84,73.2,188,7.97,6.08
0.205,284.41,44.3,1761.28,73.2,187,8.05,6.16
0.196,293.86,44.3,1894.4,73.2,196,7.65,6.38
0.205,293.55,44.3,2017.28,73.2,201,7.99,6.34
0.207,292.87,44.3,2160.64,73.2,199,7.99,6.31
0.212,279.77,44.4,2242.56,73.2,206,8.0,6.06
0.207,292.14,44.4,2355.2,73.2,212,7.89,6.3
0.213,292.22,44.4,2467.84,73.2,212,8.11,6.32
0.213,292.19,44.4,1576.96,73.2,186,8.18,6.34
0.215,291.89,44.5,1710.08,73.2,183,8.1,6.44
0.217,291.38,44.5,1822.72,73.2,195,8.06,6.31
0.22,291.1,44.5,1884.16,73.2,196,8.06,6.32
0.223,290.79,44.5,2017.28,73.2,199,8.07,6.3
0.213,290.77,44.6,2109.44,73.2,204,7.62,6.25
0.223,276.85,44.6,2263.04,73.2,204,8.0,5.98
0.223,290.96,44.6,2375.68,73.2,214,7.95,6.25
0.213,277.38,44.6,2488.32,73.2,215,7.58,5.97
0.213,290.92,44.7,2560.0,73.2,212,7.49,6.24
0.224,290.9,44.7,1710.08,73.2,188,7.93,6.34
0.224,290.91,44.7,1781.76,73.2,189,8.01,6.25
0.225,290.84,44.8,1914.88,73.2,200,8.0,6.26
0.224,290.79,44.8,2007.04,73.2,200,7.93,6.24
0.223,290.86,44.8,2140.16,73.2,198,7.96,6.21
0.224,290.84,44.8,2273.28,73.2,203,8.03,6.19
0.213,290.85,44.9,2365.44,73.2,204,7.65,6.22
0.217,290.9,44.9,2467.84,73.2,214,7.78,6.16
0.223,290.97,44.9,1576.96,73.2,180,8.06,6.22
0.223,290.96,44.9,1699.84,73.2,193,7.99,6.31
0.223,291.0,45.0,1832.96,73.2,195,8.0,6.23
0.224,291.05,45.0,1935.36,73.2,196,8.07,6.19
0.224,291.11,45.0,2058.24,73.2,200,8.19,6.16
0.223,291.14,45.0,2170.88,73.2,205,8.16,6.11
0.222,291.09,45.1,2273.28,73.2,208,8.12,6.16
0.222,269.39,45.1,2334.72,73.2,205,8.12,5.72
0.213,279.06,45.1,2457.6,73.2,209,7.73,5.96
0.211,291.09,45.1,2570.24,73.2,218,7.68,6.18
0.222,290.96,45.2,1699.84,73.2,192,8.1,6.23
0.223,290.97,45.2,1822.72,73.2,195,8.13,6.22
0.223,290.93,45.2,1955.84,73.2,193,8.05,6.21
0.224,290.88,45.3,2058.24,73.2,198,8.02,6.26
0.226,290.82,45.3,2181.12,73.2,207,8.09,6.23
0.225,290.87,45.3,2273.28,73.2,211,8.04,6.23
0.224,290.87,45.3,2365.44,73.2,206,8.04,6.25
0.225,274.87,45.4,2426.88,73.2,207,8.07,5.94
0.225,290.85,45.4,1576.96,73.2,188,8.02,6.25
0.225,290.85,45.4,1689.6,73.2,197,8.06,6.36
0.215,290.79,45.4,1812.48,73.2,192,7.62,6.27
0.224,291.01,45.5,1945.6,73.2,194,8.05,6.24
0.221,291.39,45.5,2048.0,73.2,201,8.05,6.26
0.217,291.93,45.5,2160.64,73.2,220,8.09,6.23
0.213,292.38,45.5,2283.52,73.2,213,8.05,6.26
0.211,292.89,45.6,2416.64,73.2,208,8.08,6.25
0.209,293.17,45.6,2519.04,73.2,215,8.04,6.23
0.205,293.52,45.6,1587.2,73.2,190,8.09,6.24
0.184,293.89,45.6,1699.84,73.2,193,7.43,6.35
0.2,294.39,45.7,1853.44,73.3,199,8.15,6.29
0.197,294.98,45.7,1955.84,73.2,197,8.05,6.29
0.196,281.14,45.7,2078.72,73.3,204,7.92,5.96
0.197,270.71,45.8,2129.92,73.3,205,7.96,5.75
0.197,294.98,45.8,2263.04,73.3,199,8.0,6.23
0.199,294.96,45.8,2375.68,73.3,222,8.0,6.27
0.198,295.12,45.8,2508.8,73.3,214,7.97,6.32
0.198,295.25,45.9,1628.16,73.3,186,7.92,6.34
0.199,295.31,45.9,1740.8,73.3,189,7.88,6.37
0.198,284.87,45.9,1802.24,73.3,187,7.96,6.11
0.189,295.41,45.9,1935.36,73.3,201,7.63,6.29
0.198,295.53,46.0,2088.96,73.3,196,8.04,6.3
0.197,295.62,46.0,2150.4,73.3,208,8.03,6.32
0.179,295.62,46.0,2283.52,73.3,202,7.37,6.3
0.196,295.66,46.0,2426.88,73.3,213,8.06,6.27
0.195,295.69,46.1,2529.28,73.5,217,8.05,6.29
0.195,295.7,46.1,1597.44,73.3,197,8.08,6.34
0.197,295.73,46.1,1720.32,73.3,197,8.08,6.35
0.197,295.77,46.1,1863.68,73.3,195,8.05,6.29
0.197,295.76,46.2,1966.08,73.3,199,8.17,6.29
0.19,295.75,46.2,2068.48,73.3,204,7.76,6.32
0.198,295.73,46.2,2160.64,73.3,200,8.04,6.34
0.197,295.68,46.2,2273.28,73.3,205,7.93,6.33
0.198,295.66,46.3,2416.64,73.3,207,8.0,6.33
0.196,295.67,46.3,2529.28,73.3,215,8.01,6.31
0.189,295.59,46.3,1628.16,73.3,194,7.69,6.38
0.189,295.55,46.3,1740.8,73.3,193,7.74,6.43
0.198,295.52,46.4,1843.2,73.3,198,8.06,6.36
0.198,295.51,46.4,1966.08,73.3,195,8.02,6.32
0.188,282.01,46.4,2088.96,73.3,202,7.65,6.05
0.198,295.54,46.5,2181.12,73.3,207,8.16,6.34
0.198,295.6,46.5,2314.24,73.3,208,8.19,6.34
0.198,295.63,46.5,2437.12,73.3,212,8.06,6.3
0.198,295.62,46.5,2498.56,73.3,214,8.08,6.3
0.199,295.54,46.6,1628.16,73.3,192,8.07,6.41
0.199,282.7,46.6,1710.08,73.3,190,8.07,6.02
0.198,295.53,46.6,1863.68,73.3,194,8.1,6.3
0.198,295.55,46.6,1966.08,73.3,195,8.12,6.3
0.198,295.59,46.7,2048.0,73.3,199,8.08,6.31
0.198,270.68,46.7,2140.16,73.3,207,8.05,5.81
0.198,295.61,46.7,2293.76,73.3,208,8.09,6.3
0.192,295.65,46.7,2396.16,73.3,213,7.85,6.31
0.199,295.64,46.8,2508.8,73.3,213,8.03,6.31
0.199,295.59,46.8,1628.16,73.3,189,8.03,6.38
0.199,295.65,46.8,1751.04,73.3,190,8.02,6.39
0.193,295.61,46.8,1853.44,73.3,192,7.8,6.35
0.199,283.8,46.9,1976.32,73.3,191,8.0,6.09
0.199,295.7,46.9,2099.2,73.3,201,8.02,6.33
0.199,295.79,46.9,2222.08,73.3,208,8.01,6.3
0.198,295.79,46.9,2293.76,73.3,206,8.09,6.28
0.198,295.84,47.0,2416.64,73.3,210,8.01,6.3
0.198,295.83,47.0,2539.52,73.3,221,7.99,6.34
0.192,295.85,47.0,1628.16,73.3,185,7.75,6.37
0.198,295.85,47.1,1740.8,73.3,189,7.96,6.39
0.198,295.82,47.1,1863.68,73.3,202,7.95,6.33
0.187,295.8,47.1,1976.32,73.3,192,7.58,6.33
0.198,295.74,47.1,2068.48,73.3,200,7.95,6.28
0.197,295.68,47.2,2232.32,73.3,204,7.97,6.31
0.19,276.64,47.2,2293.76,73.3,210,7.62,5.94
0.198,295.54,47.2,2416.64,73.3,205,7.99,6.3
0.197,295.53,47.2,2529.28,73.3,225,7.96,6.33
0.196,295.46,47.3,1689.6,73.3,185,8.02,6.45
0.196,295.44,47.3,1761.28,73.3,187,8.07,6.42
0.196,277.79,47.3,1812.48,73.3,196,8.06,5.98
0.196,295.56,47.3,1986.56,73.3,198,7.94,6.33
0.195,295.65,47.4,2119.68,73.3,205,7.98,6.3
0.196,295.68,47.4,2242.56,73.3,218,7.97,6.27
0.187,295.72,47.4,2344.96,73.3,204,7.68,6.3
0.195,295.72,47.4,2437.12,73.3,210,8.06,6.28
0.189,295.71,47.5,2549.76,73.3,212,7.82,6.21
0.196,295.64,47.5,1689.6,73.3,193,7.96,6.35
0.198,285.2,47.5,1761.28,73.3,194,8.02,6.06
0.19,295.66,47.5,1863.68,73.3,201,7.65,6.28
0.188,295.6,47.6,1976.32,73.3,201,7.65,6.28
0.198,295.59,47.6,2099.2,73.3,203,8.11,6.25
0.198,295.54,47.6,2232.32,73.3,207,8.06,6.25
0.199,295.54,47.6,2355.2,73.3,211,8.09,6.26
0.197,281.41,47.7,2447.36,73.3,208,8.08,6.0
0.197,295.57,47.7,1587.2,73.3,185,8.01,6.29
0.198,295.59,47.7,1648.64,73.3,187,8.02,6.34
0.197,295.6,47.8,1771.52,73.3,192,8.11,6.3
0.189,276.8,47.8,1832.96,73.3,199,7.79,5.92
0.198,295.49,47.8,1996.8,73.3,202,7.98,6.25
0.197,295.57,47.8,2119.68,73.3,205,8.03,6.25
0.191,295.6,47.9,2232.32,73.3,200,7.76,6.27
0.198,295.59,47.9,2355.2,73.3,211,8.06,6.3
0.197,283.7,47.9,2447.36,73.3,211,8.03,6.05
0.198,281.53,47.9,2508.8,73.3,297,8.06,6.04
0.199,295.48,48.0,1699.84,73.3,195,7.95,6.43
0.198,295.45,48.0,1812.48,73.3,189,7.96,6.48
0.198,295.65,48.0,1873.92,73.3,199,8.01,6.36
0.198,295.64,48.0,2007.04,73.3,207,8.08,6.37
0.197,295.59,48.1,2129.92,73.3,214,7.96,6.32
0.198,295.5,48.1,2252.8,73.3,206,8.09,6.3
0.198,295.5,48.1,2355.2,73.3,211,8.1,6.32
0.199,283.52,48.1,2478.08,73.3,214,8.12,6.04
0.186,295.51,48.2,1597.44,73.3,200,7.56,6.28
0.2,295.44,48.2,1679.36,73.3,185,8.07,6.31
0.2,295.43,48.2,1771.52,73.3,187,8.07,6.29
0.2,295.46,48.3,1894.4,73.3,194,7.97,6.23
0.199,295.45,48.3,2048.0,73.3,198,7.94,6.23
0.199,285.85,48.3,2099.2,73.3,203,8.01,6.05
0.2,295.51,48.3,2232.32,73.3,206,7.96,6.23
0.2,295.48,48.4,2365.44,73.3,210,7.94,6.28
0.2,295.45,48.4,2488.32,73.3,237,7.91,6.32
0.2,295.44,48.4,1607.68,73.3,189,7.94,6.38
0.199,283.52,48.4,1669.12,73.3,185,8.03,6.08
0.188,295.52,48.4,1812.48,73.3,195,7.65,6.41
0.199,284.27,48.5,1873.92,73.3,195,8.02,6.1
0.198,295.68,48.5,1996.8,73.3,203,8.1,6.34
0.198,295.83,48.5,2170.88,73.3,206,8.02,6.31
0.191,295.82,48.6,2273.28,73.3,205,7.75,6.31
0.198,295.78,48.6,2385.92,73.3,207,7.93,6.32
0.198,295.83,48.6,2478.08,73.4,210,7.96,6.23
0.199,295.91,48.6,1576.96,73.3,191,8.04,6.22
0.199,295.94,48.7,1710.08,73.3,189,7.89,6.28
0.188,295.93,48.7,1822.72,73.3,197,7.45,6.29
0.199,295.91,48.7,1945.6,73.3,195,7.91,6.22
0.198,295.84,48.7,2058.24,73.3,203,7.81,6.22
0.198,295.79,48.8,2170.88,73.4,207,7.85,6.2
0.197,295.76,48.8,2273.28,73.4,209,7.83,6.23
0.197,295.79,48.8,2396.16,73.4,215,7.87,6.22
0.188,281.55,48.9,2508.8,73.4,217,7.51,5.97
0.189,295.83,48.9,1576.96,73.4,185,7.53,6.27
0.198,295.79,48.9,1720.32,73.4,191,7.92,6.41
0.198,295.77,48.9,1832.96,73.4,189,7.92,6.36
0.198,283.93,49.0,1884.16,73.4,197,7.92,6.06
0.198,295.81,49.0,2048.0,73.4,200,7.91,6.41
0.198,295.84,49.0,2140.16,73.4,210,7.93,6.39
0.187,295.78,49.0,2242.56,73.4,208,7.49,6.41
0.198,277.45,49.1,2314.24,73.4,217,7.85,6.04
0.198,285.96,49.1,2488.32,73.4,211,7.92,6.19
0.197,285.77,49.1,1617.92,73.4,188,7.76,6.24
0.199,295.22,49.1,1710.08,73.4,192,7.83,6.47
0.2,294.88,49.2,1802.24,73.4,192,7.86,6.4
0.193,294.12,49.2,1925.12,73.4,233,7.57,6.4
0.203,281.69,49.2,1996.8,73.4,200,7.89,6.14
0.194,293.49,49.2,2140.16,73.4,196,7.61,6.32
0.204,293.59,49.3,2273.28,73.4,210,7.98,6.32
0.196,293.55,49.3,2385.92,73.4,213,7.7,6.33
0.194,293.6,49.3,2508.8,73.4,214,7.62,6.31
0.205,293.69,49.4,1628.16,73.4,186,8.11,6.34
0.204,283.79,49.4,1679.36,73.4,187,7.99,6.05
0.203,294.13,49.4,1843.2,73.4,193,8.04,6.31
0.202,294.58,49.4,1955.84,73.4,204,8.03,6.26
0.2,295.32,49.4,2027.52,73.4,195,8.05,6.27
0.199,295.49,49.5,2160.64,73.4,203,7.97,6.28
0.199,295.45,49.5,2263.04,73.4,218,7.99,6.2
0.2,295.43,49.5,2375.68,73.4,207,8.02,6.17
0.199,295.43,49.6,2508.8,73.4,214,7.96,6.2
0.198,295.39,49.6,1607.68,73.4,187,8.01,6.26
0.199,295.36,49.6,1710.08,73.4,188,8.02,6.28
0.199,295.44,49.6,1822.72,73.4,199,7.93,6.3
0.199,295.55,49.6,1904.64,73.4,200,7.9,6.27
0.199,285.84,49.7,2037.76,73.4,199,7.9,5.97
0.2,295.58,49.7,2170.88,73.4,208,7.91,6.15
0.2,282.37,49.7,2232.32,73.4,200,7.98,5.94
0.191,295.58,49.8,2355.2,73.4,215,7.69,6.21
0.2,295.66,49.8,2457.6,73.4,218,8.0,6.25
0.199,295.66,49.8,2549.76,73.4,218,7.94,6.18
0.189,295.65,49.8,1720.32,73.4,189,7.54,6.27
0.199,295.67,49.9,1822.72,73.4,202,7.89,6.22
0.199,285.77,49.9,1873.92,73.4,192,7.96,6.0
0.198,295.74,49.9,2037.76,73.4,201,7.98,6.21
0.198,285.09,49.9,2088.96,73.4,199,7.89,6.01
0.198,285.23,50.0,2222.08,73.4,212,7.95,6.07
0.198,295.9,50.0,2324.48,73.4,211,7.94,6.27
0.2,295.97,50.0,2437.12,73.4,209,7.97,6.29
0.199,295.99,50.1,2560.0,73.4,220,7.96,6.3
0.192,295.98,50.1,1710.08,73.4,184,7.68,6.4
0.198,285.59,50.1,1812.48,73.4,193,7.94,6.09
0.188,296.08,50.1,1925.12,73.4,198,7.57,6.31
0.197,296.1,50.2,2017.28,73.4,195,8.01,6.31
0.198,296.13,50.2,2109.44,73.4,200,7.99,6.33
0.198,296.17,50.2,2222.08,73.4,202,8.09,6.3
0.198,285.0,50.2,2304.0,73.4,211,8.1,6.08
0.198,296.15,50.3,2457.6,73.4,207,8.06,6.3
0.196,296.11,50.3,2570.24,73.4,214,7.99,6.26
0.196,296.12,50.3,1679.36,73.4,188,8.1,6.37
0.199,296.14,50.3,1781.76,73.4,190,8.03,6.32
0.191,296.17,50.3,1894.4,73.4,199,7.74,6.29
0.197,282.97,50.4,1986.56,73.4,203,7.95,5.98
0.197,296.16,50.4,2109.44,73.4,204,7.87,6.24
0.198,296.13,50.4,2242.56,73.4,207,7.91,6.22
0.197,296.15,50.5,2355.2,73.4,212,7.92,6.17
0.198,296.17,50.5,2457.6,73.4,210,7.95,6.19
0.198,282.69,50.5,1576.96,73.4,183,7.98,5.92
0.198,282.3,50.5,1648.64,73.4,186,7.91,5.88
0.197,296.32,50.6,1730.56,73.4,217,7.91,6.03
0.198,296.22,50.6,1853.44,73.4,194,7.88,5.88
0.199,296.2,50.6,1925.12,73.4,191,7.86,5.89
0.199,296.09,50.6,2048.0,73.4,204,7.89,5.91
0.198,296.16,50.7,2170.88,73.4,199,7.79,5.94
0.199,296.13,50.7,2263.04,73.4,203,7.89,5.92
0.2,296.07,50.7,2385.92,73.4,205,7.84,5.9
0.199,296.05,50.8,2488.32,73.4,210,7.89,5.93
0.199,269.45,50.8,2549.76,73.4,212,7.87,5.3
0.2,295.96,50.8,1720.32,73.4,191,7.84,6.01
0.2,281.5,50.8,1771.52,73.4,192,7.88,5.94
0.193,296.07,50.8,1945.6,73.4,200,7.69,6.23
0.199,296.08,50.9,2068.48,73.4,201,7.87,6.2
0.2,296.07,50.9,2191.36,73.4,210,7.93,6.21
0.2,296.0,50.9,2273.28,73.4,212,7.97,6.21
0.2,296.0,51.0,2344.96,73.4,207,8.02,6.22
0.2,295.9,51.0,2488.32,73.4,215,8.07,6.24
0.202,295.84,51.0,1597.44,73.4,184,8.03,6.27
0.201,295.79,51.0,1720.32,73.4,189,8.08,6.35
0.2,295.75,51.1,1832.96,73.4,193,8.08,6.27
0.2,295.73,51.1,1925.12,73.4,191,8.14,6.26
0.199,295.73,51.1,2037.76,73.4,200,7.99,6.26
0.193,295.8,51.1,2160.64,73.4,208,7.72,6.24
0.2,295.91,51.2,2273.28,73.4,206,7.93,6.23
0.198,295.94,51.2,2396.16,73.4,208,7.86,6.24
0.193,295.92,51.2,2508.8,73.4,216,7.65,6.23
0.2,284.17,51.2,1617.92,73.4,185,7.97,6.0
0.199,296.12,51.3,1689.6,73.4,191,7.9,6.28
0.199,296.16,51.3,1822.72,73.4,186,7.87,6.26
0.2,285.16,51.3,1925.12,73.4,196,7.87,5.99
0.2,296.21,51.3,2007.04,73.4,196,8.0,6.22
0.199,296.2,51.4,2160.64,73.4,209,8.09,6.18
0.2,282.92,51.4,2263.04,73.4,209,8.05,5.96
0.2,296.19,51.4,2334.72,73.4,211,8.01,6.24
0.199,296.14,51.5,2498.56,73.4,210,7.96,6.19
0.2,296.09,51.5,1607.68,73.4,188,8.04,6.25
0.2,296.07,51.5,1730.56,73.4,193,8.08,6.29
0.199,296.03,51.5,1832.96,73.4,194,8.01,6.3
0.199,271.84,51.6,1884.16,73.4,197,8.14,5.76
0.2,296.05,51.6,2048.0,73.4,203,8.1,6.21
0.2,285.09,51.6,2099.2,73.4,205,8.06,5.99
0.2,281.69,51.6,2252.8,73.4,208,8.03,5.97
0.199,295.94,51.7,2375.68,73.4,206,8.09,6.25
0.199,284.98,51.7,2426.88,73.4,220,8.1,6.0
0.2,295.93,51.7,2570.24,73.4,219,8.01,6.24
0.2,279.78,51.7,1617.92,73.4,183,8.05,5.83
0.2,295.96,51.8,1792.0,73.4,188,8.06,6.23
0.2,295.98,51.8,1925.12,73.4,195,8.03,6.18
0.199,296.03,51.8,1996.8,73.4,200,7.97,6.19
0.2,296.02,51.8,2088.96,73.4,200,8.03,6.18
0.2,295.99,51.9,2242.56,73.4,209,8.08,6.12
0.201,296.0,51.9,2293.76,73.4,208,8.11,6.12
0.2,296.02,51.9,2447.36,73.4,213,8.07,6.15
0.199,296.08,51.9,2549.76,73.4,213,8.07,6.12
0.2,296.17,52.0,1628.16,73.4,190,8.05,6.16
0.191,296.16,52.0,1792.0,73.4,194,7.62,6.19
0.2,285.75,52.0,1832.96,73.4,191,8.02,5.91
0.2,284.88,52.1,1976.32,73.4,198,8.06,5.9
0.194,296.17,52.1,2088.96,73.5,200,7.76,6.16
0.201,296.2,52.1,2222.08,73.5,211,8.1,6.18
0.201,296.27,52.1,2304.0,73.4,204,8.06,6.21
0.201,296.32,52.1,2396.16,73.5,208,7.97,6.18
0.2,296.38,52.2,2560.0,73.5,218,7.92,6.19
0.194,296.34,52.2,1648.64,73.5,190,7.77,6.2
0.2,296.31,52.2,1761.28,73.5,197,7.95,6.26
0.199,296.34,52.3,1884.16,73.5,196,7.96,6.25
0.198,296.33,52.3,1945.6,73.5,198,8.0,6.24
0.198,296.33,52.3,2068.48,73.5,202,7.95,6.26
0.197,296.36,52.3,2191.36,73.5,201,7.95,6.22
0.197,283.25,52.4,2334.72,73.5,209,7.9,5.99
0.196,296.36,52.4,2426.88,73.5,211,7.98,6.25
0.196,280.29,52.4,2478.08,73.5,214,7.99,5.96
0.196,296.37,52.4,1648.64,73.5,188,8.02,6.35
0.196,296.3,52.5,1761.28,73.5,190,7.99,6.4
0.196,296.3,52.5,1904.64,73.5,196,7.99,6.35
0.197,296.32,52.5,1966.08,73.5,197,7.91,6.38
0.196,296.28,52.5,2088.96,73.5,201,7.92,6.38
0.196,296.23,52.6,2201.6,73.5,235,7.95,6.39
0.197,296.17,52.6,2334.72,73.5,211,7.91,6.35
0.196,282.67,52.6,2447.36,73.6,211,7.88,6.09
0.197,296.05,52.7,1576.96,73.6,184,7.87,6.28
0.191,295.98,52.7,1638.4,73.6,191,7.61,6.41
0.197,296.0,52.7,1781.76,73.6,199,7.92,6.42
0.197,296.06,52.7,1904.64,73.6,192,7.96,6.32
0.198,295.98,52.8,2027.52,73.6,202,7.98,6.27
0.197,295.94,52.8,2099.2,73.6,198,7.95,6.25
0.197,282.3,52.8,2170.88,73.6,211,8.03,6.01
0.197,296.03,52.8,2355.2,73.6,212,8.09,6.28
0.198,296.0,52.9,2416.64,73.6,208,8.12,6.3
